,index,name,exam,quiz,homework,total_marks,average,Exam_Result,Quiz_Result,HW_Result
0,0,aimee Zank,1.463179736705023,11.78273309957772,35.8740349954354,49.11994783171814,16.373315943906046,Fail,Fail,Fail
